{
  "users": [
    {
      "id": "1",
      "name": "Carlos",
      "lastname": "Perez",
      "email": "carlitospp2510@hotmail.com",
      "password": "carlos10",
      "dni": "72498834",
      "birthdate": "2003-10-25T14:25:00.000Z",
      "date_register": "2024-05-10T14:25:00.000Z",
      "phone": "969656002",
      "photo": "assets\\images\\profile-ve.jpg"
    },
    {
      "id": "2619",
      "name": "Alfonso",
      "lastname": "Perez",
      "email": "alfonso@hotmail.com",
      "password": "alfonso2510",
      "dni": " ",
      "birthdate": "1994-09-16",
      "date_register": "2024-05-21T08:53:25.940Z",
      "phone": " ",
      "photo": "assets\\images\\profile-18.jpg"
    }
  ],
  "customers": [
    {
      "id": "1",
      "id_user": "1",
      "name": "Alejandro",
      "lastname": "Rojas",
      "dni": "75894465",
      "bithdate": "1994-09-16",
      "phone": "959556558",
      "email": "alejos@hotmail.com",
      "rate_type": "NOMINAL",
      "capitalization": "DIARIA",
      "rate": 8,
      "period": "MENSUAL",
      "limit": "800",
      "status": "Bloqueado",
      "payment_date": 25
    },
    {
      "id": "2",
      "id_user": "1",
      "name": "Pedro",
      "lastname": "Perez",
      "dni": "75894465",
      "bithdate": "1994-09-16",
      "phone": "959556558",
      "email": "pedrosanchez@hotmail.com",
      "rate_type": "NOMINAL",
      "capitalization": "DIARIA",
      "rate": 8,
      "period": "MENSUAL",
      "limit": 5000,
      "status": "Bloqueado",
      "payment_date": 25
    },
    {
      "id": "3",
      "id_user": "1",
      "name": "Pedro",
      "lastname": "Perez",
      "dni": "75894465",
      "bithdate": "1994-09-16",
      "phone": "959556558",
      "email": "pedrosanchez@hotmail.com",
      "rate_type": "NOMINAL",
      "capitalization": "DIARIA",
      "rate": 8,
      "period": "MENSUAL",
      "limit": 5000,
      "status": "Bloqueado",
      "payment_date": 25
    },
    {
      "id": "4",
      "id_user": "1",
      "name": "Pedro",
      "lastname": "Sanchez",
      "dni": "75894465",
      "bithdate": "1994-09-16",
      "phone": "959556558",
      "email": "pedrosanchez@hotmail.com",
      "rate_type": "NOMINAL",
      "capitalization": "DIARIA",
      "rate": 8,
      "period": "MENSUAL",
      "limit": 500,
      "status": "Bloqueado",
      "payment_date": 27
    },
    {
      "id": "5",
      "id_user": "1",
      "name": "Pedro",
      "lastname": "Sanchez",
      "dni": "75894465",
      "bithdate": "1994-09-16",
      "phone": "959556558",
      "email": "pedrosanchez@hotmail.com",
      "rate_type": "NOMINAL",
      "capitalization": "DIARIA",
      "rate": 8,
      "period": "MENSUAL",
      "limit": 500,
      "status": "Activo",
      "payment_date": 27
    },
    {
      "id": "6",
      "id_user": "1",
      "name": "Fernando",
      "lastname": "Rojas",
      "dni": "72487794",
      "bithdate": "1994-07-13",
      "phone": "959520665",
      "email": "ferjas@hotmail.com",
      "rate_type": "EFECTIVA",
      "capitalization": "DIARIA",
      "rate": 8,
      "period": "MENSUAL",
      "limit": 500,
      "status": "Activo",
      "payment_date": 27
    },
    {
      "id": "7",
      "id_user": "2619",
      "name": "Pedro",
      "lastname": "Sanchez",
      "dni": "75894465",
      "bithdate": "1994-09-16",
      "phone": "959556558",
      "email": "pedrosanchez@hotmail.com",
      "rate_type": "NOMINAL",
      "capitalization": "DIARIA",
      "rate": 8,
      "period": "MENSUAL",
      "limit": 500,
      "status": "Activo",
      "payment_date": 27
    },
    {
      "id": "8",
      "id_user": "2619",
      "name": "Pedro",
      "lastname": "Sanchez",
      "dni": "75894465",
      "bithdate": "1994-09-16",
      "phone": "959556558",
      "email": "pedrosanchez@hotmail.com",
      "rate_type": "NOMINAL",
      "capitalization": "DIARIA",
      "rate": 8,
      "period": "MENSUAL",
      "limit": 500,
      "status": "Bloqueado",
      "payment_date": 27
    },
    {
      "id": "9",
      "id_user": "2619",
      "name": "Pedro",
      "lastname": "Sanchez",
      "dni": "75894465",
      "bithdate": "1994-09-16",
      "phone": "959556558",
      "email": "pedrosanchez@hotmail.com",
      "rate_type": "NOMINAL",
      "capitalization": "DIARIA",
      "rate": 8,
      "period": "MENSUAL",
      "limit": 500,
      "status": "Activo",
      "payment_date": 27
    },
    {
      "id": "10",
      "id_user": "2619",
      "name": "Pedro",
      "lastname": "Sanchez",
      "dni": "75894465",
      "bithdate": "1994-09-16",
      "phone": "959556558",
      "email": "pedrosanchez@hotmail.com",
      "rate_type": "NOMINAL",
      "capitalization": "DIARIA",
      "rate": 8,
      "period": "MENSUAL",
      "limit": 500,
      "status": "Bloqueado",
      "payment_date": 27
    },
    {
      "id": "11",
      "id_user": "2619",
      "name": "Pedro",
      "lastname": "Sanchez",
      "dni": "75894465",
      "bithdate": "1994-09-16",
      "phone": "959556558",
      "email": "pedrosanchez@hotmail.com",
      "rate_type": "NOMINAL",
      "capitalization": "DIARIA",
      "rate": 8,
      "period": "MENSUAL",
      "limit": 500,
      "status": "Activo",
      "payment_date": 27
    },
    {
      "id": "12",
      "id_user": "2619",
      "name": "Pedro",
      "lastname": "Sanchez",
      "dni": "75894465",
      "bithdate": "1994-09-16",
      "phone": "959556558",
      "email": "pedrosanchez@hotmail.com",
      "rate_type": "NOMINAL",
      "capitalization": "DIARIA",
      "rate": 8,
      "period": "MENSUAL",
      "limit": 500,
      "status": "Activo",
      "payment_date": 27
    },
    {
      "id": "13",
      "id_user": "1",
      "name": "Pedro",
      "lastname": "Sanchez",
      "dni": "75894465",
      "bithdate": "1994-09-16",
      "phone": "959556558",
      "email": "pedrosanchez@hotmail.com",
      "rate_type": "NOMINAL",
      "capitalization": "DIARIA",
      "rate": 8,
      "period": "MENSUAL",
      "limit": 500,
      "status": "Activo",
      "payment_date": 27
    },
    {
      "id": "14",
      "id_user": "1",
      "name": "Pedro",
      "lastname": "Sanchez",
      "dni": "75894465",
      "bithdate": "1994-09-16",
      "phone": "959556558",
      "email": "pedrosanchez@hotmail.com",
      "rate_type": "NOMINAL",
      "capitalization": "DIARIA",
      "rate": 8,
      "period": "MENSUAL",
      "limit": 500,
      "status": "Bloqueado",
      "payment_date": 27
    }
  ],
  "products": [
    {
      "id": "1",
      "name": "Coca Cola 1.5L",
      "amount": 17,
      "price": 5.5
    },
    {
      "id": "2",
      "name": "Coca Cola 1L",
      "price": 3.5,
      "amount": 50
    },
    {
      "id": "3",
      "name": "Coca Cola 3L",
      "amount": 15,
      "price": 11
    },
    {
      "id": "4",
      "name": "Inca Cola 1.5L",
      "price": 5.5,
      "amount": 50
    },
    {
      "id": "5",
      "name": "Inca Cola 1L",
      "amount": 20,
      "price": 3.5
    },
    {
      "id": "6",
      "name": "Coca Cola 3L",
      "price": 11.5,
      "amount": 50
    },
    {
      "id": "7",
      "name": "Leche Gloria",
      "price": 5,
      "amount": 20
    },
    {
      "id": "8",
      "name": "Leche Pura Vida",
      "price": 4,
      "amount": 15
    },
    {
      "id": "9",
      "name": "Mantequilla Gloria",
      "price": 5.5,
      "amount": 15
    },
    {
      "id": "10",
      "name": "Copix G",
      "price": 3,
      "amount": 19
    },
    {
      "id": "11",
      "name": "Casino Menta",
      "amount": 20,
      "price": 1
    },
    {
      "id": "12",
      "name": "Casino Fresa",
      "price": 1.1,
      "amount": 10
    },
    {
      "id": "13",
      "name": "Agua Cielo 3L",
      "price": 3.5,
      "amount": 15
    },
    {
      "id": "14",
      "name": "Shampo Pantene Rosa",
      "price": 1.1,
      "amount": 50
    },
    {
      "id": "15",
      "name": "Shampo Pantene Negro",
      "price": 1.1,
      "amount": 50
    },
    {
      "id": "16",
      "name": "Shampo Pantene Verde",
      "price": 1.1,
      "amount": 50
    },
    {
      "id": "17",
      "name": "Queso Parmesano",
      "price": 5.5,
      "amount": 50
    },
    {
      "id": "18",
      "name": "Leche Coco Gloria",
      "price": 8.5,
      "amount": 15
    },
    {
      "id": "19",
      "name": "Yogur Griego Maracuya",
      "price": 10,
      "amount": 50
    },
    {
      "id": "20",
      "name": "Yogur Griego Fresa",
      "price": 10,
      "amount": 50
    },
    {
      "id": "21",
      "name": "Yogur Griego Mango",
      "amount": 6,
      "price": 20
    },
    {
      "id": "22",
      "name": "Mayonesa Alacena chica",
      "price": 3.5,
      "amount": 50
    },
    {
      "id": "23",
      "name": "Mayonesa Alacena Grande",
      "amount": 8,
      "price": 7.5
    },
    {
      "id": "24",
      "name": "Jamonada Suiza",
      "price": 5.5,
      "amount": 50
    },
    {
      "id": "25",
      "name": "Jamonada San Fernando",
      "price": 4.5,
      "amount": 50
    },
    {
      "id": "26",
      "name": "Hot Dog Suiza 440g",
      "price": 11.9,
      "amount": 50
    },
    {
      "id": "c791",
      "name": "Doña Gusta",
      "amount": 30,
      "price": 2
    }
  ],
  "purchases": [
    {
      "id": "1",
      "id_customer": "1",
      "id_product": "7",
      "price": 4,
      "amount": 1,
      "date_register": "2024-05-20T00:00:00",
      "interest": 4.08,
      "status": "Pendiente"
    },
    {
      "id": "2",
      "id_customer": "1",
      "id_product": "1",
      "price": 5.5,
      "amount": 1,
      "date_register": "2024-05-20T00:00:00",
      "interest": 5.6,
      "status": "Pendiente"
    },
    {
      "id": "3",
      "id_customer": "1",
      "id_product": "9",
      "price": 5.5,
      "amount": 1,
      "date_register": "2024-05-20T00:00:00",
      "interest": 5.6,
      "status": "Pendiente"
    },
    {
      "id": "4",
      "id_customer": "1",
      "id_product": "7",
      "price": 4,
      "amount": 1,
      "date_register": "2024-05-20T00:00:00",
      "interest": 4.08,
      "status": "Pendiente"
    },
    {
      "id": "5",
      "id_customer": "1",
      "id_product": "1",
      "price": 5.5,
      "amount": 1,
      "date_register": "2024-05-20T00:00:00",
      "interest": 5.6,
      "status": "Pendiente"
    },
    {
      "id": "6",
      "id_customer": "1",
      "id_product": "9",
      "price": 5.5,
      "amount": 1,
      "date_register": "2024-05-20T00:00:00",
      "interest": 5.6,
      "status": "Pendiente"
    },
    {
      "id": "7",
      "id_customer": "1",
      "id_product": "7",
      "price": 4,
      "amount": 1,
      "date_register": "2024-05-20T00:00:00",
      "interest": 4.08,
      "status": "Pendiente"
    },
    {
      "id": "8",
      "id_customer": "1",
      "id_product": "1",
      "price": 5.5,
      "amount": 1,
      "date_register": "2024-05-20T00:00:00",
      "interest": 5.6,
      "status": "Pendiente"
    },
    {
      "id": "9",
      "id_customer": "1",
      "id_product": "9",
      "price": 5.5,
      "amount": 1,
      "date_register": "2024-05-20T00:00:00",
      "interest": 5.6,
      "status": "Pendiente"
    },
    {
      "id": "10",
      "id_customer": "1",
      "id_product": "7",
      "price": 4,
      "amount": 1,
      "date_register": "2024-05-20T00:00:00",
      "interest": 4.08,
      "status": "Pendiente"
    },
    {
      "id": "11",
      "id_customer": "1",
      "id_product": "1",
      "price": 5.5,
      "amount": 1,
      "date_register": "2024-05-20T00:00:00",
      "interest": 5.6,
      "status": "Pendiente"
    },
    {
      "id": "12",
      "id_customer": "1",
      "id_product": "9",
      "price": 5.5,
      "amount": 1,
      "date_register": "2024-05-20T00:00:00",
      "interest": 5.6,
      "status": "Pendiente"
    },
    {
      "id": "13",
      "id_customer": "1",
      "id_product": "8",
      "price": 4,
      "amount": 1,
      "date_register": "2024-04-20T00:00:00",
      "interest": 4.08,
      "status": "Pendiente"
    },
    {
      "id": "14",
      "id_customer": "1",
      "id_product": "4",
      "price": 5.5,
      "amount": 1,
      "date_register": "2024-04-20T00:00:00",
      "interest": 5.6,
      "status": "Pendiente"
    },
    {
      "id": "15",
      "id_customer": "1",
      "id_product": "9",
      "price": 5.5,
      "amount": 1,
      "date_register": "2024-04-20T00:00:00",
      "interest": 5.6,
      "status": "Pendiente"
    },
    {
      "id": "b471",
      "id_customer": "1",
      "id_product": "Coca Cola 1.5L",
      "price": 5.5,
      "amount": 1,
      "date_register": "2024-06-05T01:14:23.891Z",
      "interest": 5.82,
      "status": "Pendiente"
    },
    {
      "id": "e4fa",
      "id_customer": "1",
      "id_product": "Coca Cola 1.5L",
      "price": 5.5,
      "amount": 1,
      "date_register": "2024-06-05T01:14:23.891Z",
      "interest": 5.82,
      "status": "Pendiente"
    },
    {
      "id": "6ddd",
      "id_customer": "1",
      "id_product": "Casino Fresa",
      "price": 1.1,
      "amount": 1,
      "date_register": "2024-06-05T01:19:36.930Z",
      "interest": 1.16,
      "status": "Pendiente"
    },
    {
      "id": "dcfb",
      "id_customer": "2",
      "id_product": "Coca Cola 1L",
      "price": 7,
      "amount": 2,
      "date_register": "2024-06-05T01:23:46.625Z",
      "interest": 7.4,
      "status": "Pendiente"
    },
    {
      "id": "7402",
      "id_customer": "1",
      "id_product": "Coca Cola 1.5L",
      "price": 5.5,
      "amount": 1,
      "date_register": "2024-06-05T01:35:01.510Z",
      "interest": 5.82,
      "status": "Pendiente"
    }
  ],
  "id": "number"
}