{
  "hash": "1181eb0b",
  "configHash": "d3ce589d",
  "lockfileHash": "dc1ed252",
  "browserHash": "855e072a",
  "optimized": {
    "@angular/cdk/scrolling": {
      "src": "../../../../../node_modules/@angular/cdk/fesm2022/scrolling.mjs",
      "file": "@angular_cdk_scrolling.js",
      "fileHash": "7694617f",
      "needsInterop": false
    },
    "@angular/common": {
      "src": "../../../../../node_modules/@angular/common/fesm2022/common.mjs",
      "file": "@angular_common.js",
      "fileHash": "24390c78",
      "needsInterop": false
    },
    "@angular/common/http": {
      "src": "../../../../../node_modules/@angular/common/fesm2022/http.mjs",
      "file": "@angular_common_http.js",
      "fileHash": "56f80c9f",
      "needsInterop": false
    },
    "@angular/core": {
      "src": "../../../../../node_modules/@angular/core/fesm2022/core.mjs",
      "file": "@angular_core.js",
      "fileHash": "e350b000",
      "needsInterop": false
    },
    "@angular/forms": {
      "src": "../../../../../node_modules/@angular/forms/fesm2022/forms.mjs",
      "file": "@angular_forms.js",
      "fileHash": "2bf3d61a",
      "needsInterop": false
    },
    "@angular/material/badge": {
      "src": "../../../../../node_modules/@angular/material/fesm2022/badge.mjs",
      "file": "@angular_material_badge.js",
      "fileHash": "e20fa91e",
      "needsInterop": false
    },
    "@angular/material/button": {
      "src": "../../../../../node_modules/@angular/material/fesm2022/button.mjs",
      "file": "@angular_material_button.js",
      "fileHash": "473e1477",
      "needsInterop": false
    },
    "@angular/material/card": {
      "src": "../../../../../node_modules/@angular/material/fesm2022/card.mjs",
      "file": "@angular_material_card.js",
      "fileHash": "d7add9bb",
      "needsInterop": false
    },
    "@angular/material/core": {
      "src": "../../../../../node_modules/@angular/material/fesm2022/core.mjs",
      "file": "@angular_material_core.js",
      "fileHash": "547ca765",
      "needsInterop": false
    },
    "@angular/material/datepicker": {
      "src": "../../../../../node_modules/@angular/material/fesm2022/datepicker.mjs",
      "file": "@angular_material_datepicker.js",
      "fileHash": "a5d6eb03",
      "needsInterop": false
    },
    "@angular/material/form-field": {
      "src": "../../../../../node_modules/@angular/material/fesm2022/form-field.mjs",
      "file": "@angular_material_form-field.js",
      "fileHash": "95ba4381",
      "needsInterop": false
    },
    "@angular/material/icon": {
      "src": "../../../../../node_modules/@angular/material/fesm2022/icon.mjs",
      "file": "@angular_material_icon.js",
      "fileHash": "75d37bd9",
      "needsInterop": false
    },
    "@angular/material/input": {
      "src": "../../../../../node_modules/@angular/material/fesm2022/input.mjs",
      "file": "@angular_material_input.js",
      "fileHash": "800b94d0",
      "needsInterop": false
    },
    "@angular/material/menu": {
      "src": "../../../../../node_modules/@angular/material/fesm2022/menu.mjs",
      "file": "@angular_material_menu.js",
      "fileHash": "6b028389",
      "needsInterop": false
    },
    "@angular/material/paginator": {
      "src": "../../../../../node_modules/@angular/material/fesm2022/paginator.mjs",
      "file": "@angular_material_paginator.js",
      "fileHash": "a4944bfb",
      "needsInterop": false
    },
    "@angular/material/select": {
      "src": "../../../../../node_modules/@angular/material/fesm2022/select.mjs",
      "file": "@angular_material_select.js",
      "fileHash": "10398e2d",
      "needsInterop": false
    },
    "@angular/material/sidenav": {
      "src": "../../../../../node_modules/@angular/material/fesm2022/sidenav.mjs",
      "file": "@angular_material_sidenav.js",
      "fileHash": "e91eee57",
      "needsInterop": false
    },
    "@angular/material/snack-bar": {
      "src": "../../../../../node_modules/@angular/material/fesm2022/snack-bar.mjs",
      "file": "@angular_material_snack-bar.js",
      "fileHash": "5fd54ccb",
      "needsInterop": false
    },
    "@angular/platform-browser": {
      "src": "../../../../../node_modules/@angular/platform-browser/fesm2022/platform-browser.mjs",
      "file": "@angular_platform-browser.js",
      "fileHash": "d5b3bd15",
      "needsInterop": false
    },
    "@angular/platform-browser/animations/async": {
      "src": "../../../../../node_modules/@angular/platform-browser/fesm2022/animations/async.mjs",
      "file": "@angular_platform-browser_animations_async.js",
      "fileHash": "d0a294bb",
      "needsInterop": false
    },
    "@angular/router": {
      "src": "../../../../../node_modules/@angular/router/fesm2022/router.mjs",
      "file": "@angular_router.js",
      "fileHash": "fb1932c2",
      "needsInterop": false
    },
    "jspdf": {
      "src": "../../../../../node_modules/jspdf/dist/jspdf.es.min.js",
      "file": "jspdf.js",
      "fileHash": "e40c2e49",
      "needsInterop": false
    },
    "jspdf-autotable": {
      "src": "../../../../../node_modules/jspdf-autotable/dist/jspdf.plugin.autotable.js",
      "file": "jspdf-autotable.js",
      "fileHash": "7ee70498",
      "needsInterop": true
    },
    "lightweight-charts": {
      "src": "../../../../../node_modules/lightweight-charts/dist/lightweight-charts.development.mjs",
      "file": "lightweight-charts.js",
      "fileHash": "6a61c911",
      "needsInterop": false
    }
  },
  "chunks": {
    "browser-A3IWVTDF": {
      "file": "browser-A3IWVTDF.js"
    },
    "html2canvas.esm-3YFDEXUX": {
      "file": "html2canvas__esm-3YFDEXUX.js"
    },
    "purify.es-RGANGHPH": {
      "file": "purify__es-RGANGHPH.js"
    },
    "index.es-JV3IMY2U": {
      "file": "index__es-JV3IMY2U.js"
    },
    "chunk-WVLM6HFO": {
      "file": "chunk-WVLM6HFO.js"
    },
    "chunk-MAN4NYY2": {
      "file": "chunk-MAN4NYY2.js"
    },
    "chunk-YJHSSB7B": {
      "file": "chunk-YJHSSB7B.js"
    },
    "chunk-ZUCGNHG6": {
      "file": "chunk-ZUCGNHG6.js"
    },
    "chunk-TAQPA45R": {
      "file": "chunk-TAQPA45R.js"
    },
    "chunk-QSNQWNSV": {
      "file": "chunk-QSNQWNSV.js"
    },
    "chunk-J4WB27RP": {
      "file": "chunk-J4WB27RP.js"
    },
    "chunk-QL2QQ4MJ": {
      "file": "chunk-QL2QQ4MJ.js"
    },
    "chunk-J4LDBS2M": {
      "file": "chunk-J4LDBS2M.js"
    },
    "chunk-6B57FR3L": {
      "file": "chunk-6B57FR3L.js"
    },
    "chunk-5SIMMRLZ": {
      "file": "chunk-5SIMMRLZ.js"
    },
    "chunk-TH4AJIDY": {
      "file": "chunk-TH4AJIDY.js"
    },
    "chunk-VNG2453I": {
      "file": "chunk-VNG2453I.js"
    },
    "chunk-BO6B27D7": {
      "file": "chunk-BO6B27D7.js"
    },
    "chunk-ITRRYPD6": {
      "file": "chunk-ITRRYPD6.js"
    },
    "chunk-DZQK7PR5": {
      "file": "chunk-DZQK7PR5.js"
    },
    "chunk-IEMOZLTW": {
      "file": "chunk-IEMOZLTW.js"
    }
  }
}